<?xml version="1.0" encoding="UTF-8" standalone="yes"?>
<addons>
<addon id="repository.TESTREPO" name="TESTREPO" version="1.0.0" provider-name="XN">
	<extension point="xbmc.addon.repository" name="TEST repo">
		<info compressed="false">https://raw.githubusercontent.com/xmansuperman/TESTREPO/master/addons.xml</info>
		<checksum>https://raw.githubusercontent.com/xmansuperman/TESTREPO/master/addons.xml.md5</checksum>
		<datadir zip="true">https://raw.githubusercontent.com/xmansuperman/TESTREPO/master/zips</datadir>
	</extension>
	<extension point="xbmc.addon.metadata">
		<summary>TEST Repo</summary>
		<description>TEST Repo</description>
		<platform>all</platform>
	</extension>
</addon>
</addons>
